{"twat":0.0125024428,"cunt":0.0093848533,"dullard":0.0071465171,"harpy":0.0061116765,"queer":0.0051919427,"shithouse":0.0049316426,"biggot":0.0044653928,"blabbermouth":0.0042035288,"dbag":0.0041393377,"harlot":0.0036196157,"mcrib":0.0036060567,"jig":0.0036002055,"protestant":0.0035824837,"jihadist":0.0031841118,"krab":0.0031341065,"d-bag":0.0031067231,"mercenary":0.003043496,"right-winger":0.0029660285,"fag":0.002948551,"meatball":0.0028968651,"gargoyle":0.0028180296,"muggle":0.0028134829,"statist":0.0028017396,"latinx":0.0027718544,"warhawk":0.0027500065,"jewess":0.0026639625,"non-jew":0.0026198284,"dissected":0.0026010676,"turnabout":0.0025694293,"pancake":0.002556836,"islamist":0.0025565475,"sodomite":0.0025520099,"#terrorist":0.0025352999,"memento":0.0024838122,"munoz":0.0024275173,"gentile":0.0024244551,"mcclellan":0.0024239079,"lefty":0.0024090172,"short-sighted":0.0023988478,"cannibal":0.002394215,"multi-millionaire":0.0023729318,"gator":0.0023565193,"gothic":0.0023491747,"saboteur":0.0023298549,"lowlife":0.0023161497,"gujarat":0.0023106686,"negress":0.0022931172,"mack":0.0022753686,"leblanc":0.002272716,"pillock":0.00225942,"eunuch":0.00224357,"pothead":0.0022386508,"dolphin":0.0022083584,"sandra":0.0022051249,"punctured":0.0022023236,"tomboy":0.0021775766,"shithead":0.0021698512,"tortoise":0.0021610314,"sleazebag":0.002124623,"moslem":0.0021194087,"redpill":0.0021192172,"lioness":0.0021180449,"behemoth":0.002117285,"hotdog":0.0021084978,"headassery":0.002106224,"timestamp":0.0021014252,"negroid":0.0020831848,"shortfall":0.0020768962,"paki":0.0020484241,"denise":0.0020408882,"quarantine":0.0020299374,"restructure":0.0020284293,"know-it-all":0.0020275205,"parm":0.0020021555,"contraception":0.0020020216,"pesto":0.0020016221,"leah":0.001998917,"annie":0.001997781,"jihadi":0.0019915266,"julia":0.0019827326,"lisa":0.0019775959,"spider":0.0019701798,"punjabi":0.001969736,"upsurge":0.001966923,"tamil":0.0019621835,"deer":0.0019621764,"malmo":0.0019597902,"sharpened":0.0019577315,"dented":0.001956632,"slav":0.0019562437,"tasmania":0.0019560472,"shitlib":0.0019552954,"demigod":0.0019355502,"alan":0.0019242985,"erin":0.0019221942,"natalie":0.0019210451,"plunder":0.0019140797,"m&m":0.0019134402,"know-nothing":0.001893586,"roofing":0.0018930176,"linguist":0.0018925499,"tina":0.0018912734,"chipmunk":0.0018892102,"deflate":0.0018888408,"low-income":0.0018887357,"potatoe":0.0018872583,"weaponize":0.0018868234,"poultry":0.0018866845,"forestry":0.0018842467,"corporatist":0.0018841334,"pinko":0.0018840573,"wench":0.0018503376,"#jew":0.0018377821,"sociologist":0.0018350473,"cockroach":0.0018257356,"neo-con":0.001820307,"segregationist":0.0018126169,"goa":0.0018063942,"#islamic":0.0018035606,"rustle":0.0018029218,"swindle":0.0018028794,"narcotics":0.0018023066,"cauliflower":0.0018016767,"#terror":0.0018014305,"self-absorbed":0.0018007324,"yoghurt":0.0017996196,"amanda":0.0017985364,"yeti":0.0017974689,"handmaid's":0.0017971128,"extremist":0.0017907538,"mccollum":0.0017805301,"lanier":0.0017798636,"leftard":0.0017760421,"luvvie":0.0017759651,"multimillionaire":0.0017735414,"grown-up":0.0017721371,"chunky":0.0017610723,"lustful":0.001758193,"sultry":0.0017577645,"shitbag":0.0017530818,"bahrain":0.001750163,"blowhard":0.001749424,"maharashtra":0.0017476401,"karnataka":0.0017464531,"chinaman":0.0017430546,"frenchman":0.0017414927,"lazar":0.0017369477,"fuckboi":0.0017276045,"nonwhite":0.0016986709,"non-white":0.0016937764,"popsicle":0.0016936077,"sikh":0.001688821,"croissant":0.0016886971,"canine":0.0016835323,"barbarian":0.0016831001,"bottleneck":0.0016819894,"slowdown":0.0016818502,"resurgence":0.0016817139,"haji":0.0016739303,"skinhead":0.0016736251,"#marxist":0.0016681101,"deterioration":0.0016536695,"ethiopian":0.0016503896,"disinterest":0.0016501076,"polynesian":0.0016489762,"#spanish":0.0016479395,"nicole":0.0016477955,"pigeon":0.0016473761,"vanessa":0.001641599,"pillage":0.0016415392,"grapefruit":0.0016368275,"teriyaki":0.0016350998,"cautionary":0.0016315502,"beggar":0.0016109684,"gremlin":0.0016107512,"pradesh":0.0016102189,"werewolf":0.0016102171,"self-centered":0.0016062764,"dredge":0.0016052621,"measles":0.0016045492,"asparagus":0.0016042911,"cello":0.00160428,"re-sign":0.0016038026,"usury":0.0016035311,"mozzarella":0.0016032107,"placenta":0.0016029961,"sangria":0.0016029093,"pretentious":0.0016021631,"misquote":0.0015999761,"gameboy":0.0015995265,"sabha":0.0015986144,"survivor's":0.0015887112,"middleton's":0.0015873161,"trumpette":0.0015871425,"bergeron":0.0015851397,"tranny":0.0015662609,"perfectionist":0.0015429981,"son-of-a-bitch":0.0015428215,"spike":0.0015285926,"ghetto":0.0015283099,"hellscape":0.0015282848,"bulky":0.0015280881,"uptick":0.0015280828,"gulag":0.0015279634,"josh":0.0015275918,"enclave":0.0015274688,"apostate":0.001527213,"qq":0.0015271552,"morgue":0.0015271426,"jo\u0161":0.0015269643,"zagreb":0.0015268323,"moldy":0.0015267786,"clinton-dix":0.0015266487,"bagus":0.0015266461,"b\u00f6yle":0.0015264051,"julie":0.0015263443,"workthemiddle":0.0015262226,"guinea":0.0015262148,"slaughterhouse":0.0015262138,"kevin":0.0015261867,"beefy":0.0015261788,"czechoslovakia":0.0015260427,"appalachia":0.0015260352,"dlm":0.0015259717,"qm":0.0015259442,"zag":0.0015258733,"tommy":0.0015257187,"subculture":0.0015257026,"uzbekistan":0.001525689,"verder":0.0015256883,"brainy":0.001525684,"ape":0.0015256789,"sicily":0.0015256008,"lata":0.0015255659,"canaan":0.0015255513,"kaka":0.0015254423,"uncaring":0.0015254367,"boardroom":0.0015254062,"bushy":0.0015253257,"skimpy":0.001525306,"kurd":0.0015252023,"ho":0.0015251666,"irma":0.0015251412,"#xtacy":0.0015250665,"matt":0.0015250583,"mavis":0.0015249039,"kahlo":0.0015248967,"phil":0.0015248895,"armo":0.0015248638,"redneck":0.0015248488,"monkey":0.0015248298,"carl":0.0015247628,"flabby":0.0015247078,"kaos":0.0015246874,"\u3042\u3059\u95a2\u6771\u5927\u96ea\u6ce8\u610f":0.001524684,"hz":0.0015246829,"b\u00fcy\u00fck":0.0015246303,"xiao":0.0015245462,"effeminate":0.0015245007,"skinny":0.0015244489,"flaccid":0.0015244349,"metropolis":0.0015243296,"jerry":0.0015243226,"yeon":0.0015243042,"small-minded":0.0015242695,"jamestown":0.0015236643,"cesspit":0.0015236251,"warzone":0.0015235815,"microcosm":0.0015232074,"ragon":0.001521374,"escalation":0.0015194355,"adventurer":0.0015160092,"banshee":0.0015158168,"gazelle":0.0015154628,"widower":0.0015153634,"weeb":0.0015141629,"canceling":0.0014995361,"rewatched":0.0014988148,"aced":0.00149838,"mardi":0.0014973546,"him\ud83d\ude02":0.0014966828,"frisbee":0.0014965548,"gostosa":0.0014964334,"nudist":0.0014961409,"cir":0.0014959511,"snp":0.0014959477,"srilanka":0.0014959141,"disadvantaged":0.0014957633,"disaffected":0.0014951543,"charcoal":0.001495002,"matcha":0.0014949737,"amature":0.0014946691,"cranberry":0.0014945953,"scotty":0.0014942943,"lanyard":0.0014940747,"horney":0.0014940486,"#socialsecurity":0.0014940468,"ipcc":0.0014939609,"terrell":0.0014939488,"mariana":0.001493743,"noona":0.0014934102,"explosives":0.0014933521,"gooey":0.0014932235,"amatuer":0.0014931413,"custard":0.0014931026,"cram":0.001493041,"hmong":0.001492996,"gonzo":0.0014928525,"no-bake":0.001492741,"alimony":0.0014926342,"coltrane":0.0014925305,"graze":0.0014923307,"purist":0.0014923228,"chilton":0.001492318,"sub-human":0.0014922554,"girlz":0.0014921438,"geronimo":0.0014921379,"j-hope":0.0014921113,"non-europeans":0.0014920921,"debase":0.0014920613,"romphim":0.0014919989,"psychopathic":0.0014919774,"armando":0.0014919659,"winslow":0.0014919218,"bihhh":0.0014918988,"joystick":0.0014917896,"cece":0.0014917417,"rouse":0.0014916427,"wheatley":0.0014916337,"scribble":0.0014916252,"errol":0.0014915559,"inhibit":0.0014915289,"sloth":0.0014915045,"shelved":0.001491474,"scouser":0.001491438,"smoky":0.0014913523,"dingbat":0.0014913515,"mookie":0.0014913275,"dezenove":0.0014912845,"chibi":0.0014912435,"puncture":0.0014912419,"flamingo":0.0014912352,"salami":0.0014912197,"medicate":0.001491178,"peruse":0.0014911471,