{"shitlib":0.0152703572,"moron":0.0140407892,"prick":0.0139233913,"cunt":0.0133525555,"punk":0.0120574045,"normie":0.0120040352,"commie":0.0119071697,"pig":0.0102097882,"tranny":0.0100773727,"coward":0.0098832561,"loser":0.0098043968,"sodomite":0.009625612,"pedo":0.0092708008,"homo":0.0084311224,"snake":0.0078925235,"madman":0.0074935055,"lunatic":0.0068600481,"dumbass":0.0067831509,"twat":0.0065190371,"crook":0.0060304954,"brit":0.0056898271,"scumbag":0.005549873,"mulatto":0.0054768612,"hypocrite":0.0054575123,"clown":0.0054429887,"paedophile":0.0052262172,"gangster":0.0051043435,"weirdo":0.0050086751,"demon":0.0048028188,"slut":0.0046735563,"zombie":0.0045944532,"granny":0.0045475086,"pol":0.0044388069,"retard":0.0043567069,"monster":0.0037796232,"kook":0.0036877016,"fag":0.003625288,"psychopath":0.0035666831,"initiate":0.0035604756,"boomer":0.0035332002,"hipster":0.0034250928,"heterosexual":0.0034186209,"stat":0.0033730339,"mongrel":0.0033688733,"op":0.003346629,"lib":0.0033346633,"prog":0.0033173921,"convey":0.0032716659,"jimmy":0.0032613511,"frenchman":0.0032347291,"fanatic":0.0031770652,"skinhead":0.0031609137,"indigenous":0.0031560246,"unarmed":0.0031555151,"kurt":0.0031381582,"carl":0.0031367603,"hampshire":0.0031287824,"jersey":0.0031236633,"jihadi":0.0031032696,"millionaire":0.0030968958,"flaw":0.0030871498,"hut":0.0030869139,"savage":0.0030849787,"sellout":0.0030421982,"douche":0.003040596,"sham":0.0030381221,"log":0.0030365296,"redneck":0.0030351506,"wetback":0.0030304747,"lamb":0.0030277434,"orleans":0.002987147,"clever":0.0029694313,"undertaken":0.0029693673,"reduction":0.0029117207,"adjust":0.0029101208,"culprit":0.0029088031,"appoint":0.002908205,"hop":0.0029074589,"skrewdriver":0.00290673,"pee":0.0029056294,"fortress":0.0029050251,"rothschild":0.002904232,"moslem":0.0028988614,"asshole":0.0028547866,"hijack":0.0028042988,"crimean":0.0028032822,"roosh":0.00280287,"germanic":0.0028023658,"decadent":0.0028012572,"amy":0.0026734563,"strengthened":0.0026729464,"roth":0.0026727412,"breasts":0.0026719663,"mel":0.0026716034,"affirm":0.0026713029,"sweet":0.002671281,"virgin":0.0026483651,"julia":0.00259469,"gorilla":0.0025690899,"gif":0.0025682429,"celebrity":0.0025658227,"fairy":0.0025593343,"roger":0.0025478427,"greg":0.0025460188,"witch":0.0025420151,"hacker":0.0025180611,"aboriginal":0.0025165657,"unidentified":0.0025102054,"breakthrough":0.0025005643,"milestone":0.0024997036,"participant":0.0024919957,"cracker":0.0024839576,"misogynist":0.0024837353,"perp":0.0024820461,"fuhrer":0.0024807552,"psycho":0.0024803767,"guinea":0.0024683965,"escalation":0.0024523181,"wax":0.0024512631,"lineup":0.002446609,"non-white":0.0024464232,"emigrate":0.0024463864,"hobby":0.0024458342,"boo":0.0024456679,"leftist":0.0024429424,"awaken":0.002442849,"deployment":0.0024425444,"gettin":0.0024423417,"antisemite":0.0024302806,"bowman":0.0023812332,"predictable":0.0023810365,"activated":0.0023806977,"aly":0.002380238,"jeffrey":0.0023801939,"lena":0.002379973,"breast":0.0023798639,"lips":0.0023798268,"distort":0.0023798135,"joel":0.0023797121,"rosa":0.0023796459,"rendered":0.0023795331,"chin":0.0023795317,"detect":0.0023794178,"lame":0.00237924,"pearson":0.0023790021,"heretic":0.0023730793,"mutant":0.0023478751,"rican":0.0023474275,"hag":0.0023456489,"wench":0.0023411673,"patriarch":0.0023269325,"denier":0.002326217,"ref":0.0023242957,"designer":0.0023242676,"badass":0.0023241511,"zealand":0.0023197888,"vancouver":0.0023179002,"aussie":0.0022883613,"barbarian":0.0022879812,"norse":0.002286997,"warsaw":0.0022804596,"prague":0.0022795284,"male":0.0022792727,"cairo":0.0022782318,"spike":0.0022744578,"unaccompanied":0.0022725857,"zog":0.002271189,"mossad":0.00227041,"surge":0.0022703544,"colored":0.0022680793,"shithole":0.0022675561,"paki":0.0022673836,"tequila":0.0022661305,"tribal":0.0022660978,"low-income":0.0022655016,"haji":0.0022653399,"syriza":0.002265324,"bird":0.0022651239,"npd":0.002265085,"mitch":0.0022649483,"karen":0.0022647724,"leon":0.0022646774,"rumor":0.0022646461,"naacp":0.0022646145,"implication":0.0022644393,"reince":0.002264249,"samaras":0.002264243,"jig":0.002264236,"maya":0.002264197,"ho":0.0022641566,"debbie":0.0022641525,"anne":0.0022641266,"sewer":0.002264097,"demo":0.0022638106,"bloke":0.0022636731,"female":0.0022636611,"hellhole":0.0022634954,"#diversity":0.0022634939,"#vault7":0.002263487,"nsa":0.0022634688,"sadiq":0.002263411,"lemon":0.0022633439,"disney":0.0022631711,"saxon":0.0022627759,"anc":0.0022627572,"jazz":0.0022624739,"ghetto":0.0022623497,"registry":0.0022620437,"gentile":0.0022618506,"negro":0.002261598,"timing":0.0022613183,"19-year-old":0.0022594472,"massacre":0.0022585491,"blonde":0.0022565078,"slander":0.0022173338,"weasel":0.0022158287,"misery":0.0022157671,"evan":0.0022153607,"#obama":0.0022150805,"legs":0.0022148807,"ugly":0.0022146284,"miliband":0.0022144576,"ds":0.0022141597,"squeeze":0.0022141319,"cruz\u2019s":0.0022139922,"devout":0.002213972,"lebanese":0.0022139158,"disrespect":0.0022138994,"governmental":0.0022137504,"#nevertrump":0.002213693,"goy":0.0022136183,"walter":0.0022134611,"pitiful":0.002213352,"maximize":0.0022133366,"mtv":0.0022132743,"hindu":0.0022132603,"cair":0.0022132601,"creepy":0.0022131685,"gill":0.0022131307,"honour":0.0022131023,"overthrown":0.0022129592,"fulfilled":0.0022129463,"phil":0.0022127678,"utilized":0.0022126961,"thornton":0.0022126137,"hideous":0.0022126127,"steven":0.0022125128,"gibson":0.0022125025,"kirk":0.0022124963,"colin":0.0022124769,"laura":0.0022124491,"virtual":0.0022124249,"sexuality":0.0022123951,"berry":0.0022123821,"ellis":0.0022122631,"demolished":0.0022120771,"decent":0.0022119664,"roam":0.0022119555,"quell":0.00221184,"reset":0.0022117738,"revoke":0.0022117008,"celtic":0.0022116152,"juan":0.0022115434,"would-be":0.0022115217,"nurture":0.0022114014,"slippery":0.0022112934,"noah":0.0022112637,"kenyan":0.0022111975,"altright":0.0022111238,"stones":0.0022111157,"streep":0.0022111106,"haley":0.0022110131,"wonderful":0.0022108404,"#hillaryclinton":0.00221069,"float":0.0022105991,"maneuver":0.0022100275,"espn":0.0022098651,"prostitute":0.0022097294,"fame":0.0022095473,"freeze":0.002209334,"poison":0.0020898963,"hrc":0.0020885091,"anglo-saxon":0.0020850641,"awful":0.0020836565,"override":0.002083586,"#hillary":0.0020833064,"larry":0.0020829421,"stern":0.0020828675,"exercised":0.0020826119,"whiny":0.0020825358,"whore":0.0020824478,"pos":0.0020824467,"garrison":0.0020824131,"negress":0.0020823518,"spill":0.0020823146,"mosley":0.0020822625,"rat":0.0020822607,"patterson":0.002082181,"derail":0.0020821614,"privacy":0.0020821027,"#msm":0.0020820613,"phones":0.0020820413,"forge":0.0020820077,"nasty":0.0020817801,"albanian":0.002081733,"snl":0.0020816201,"sore":0.002081572,"neocon":0.0020814804,"discarded":0.002081391,"gavin":0.0020807304,"#cuckservative":0.0020804342,"algerian":0.0020801781,"pervert":0.0020796046,"#blacklivesmatter":0.002079383,"wynne":0.0020790831,"sow":0.0020774743,"snowflake":0.0016225258,"shine":0.0016225258,"pussy":0.0016225258,"faggot":0.0016225258,"kike":0.0016225258,"ann":0.0016225258,"nigger":0.0016225258,"monkey":0.0016225258,"lefty":0.0016225258,"mack":0.0016225258,"slit":0.0016225258,"anglo":0.0016225258,"skinny":0.0016225258,"dyke":0.0016225258,"tommy":0.0016225258,"ape":0.0016225258,"trash":0.0016225258,"whitey":0.0016225258,"charlie":0.0016225258,"skip":0.0016225258,"retarded":0.0016225258,"queer":0.0016225258,"property":0.0016225258,"cripple":0.0016225258}