{"twat":0.0125048498,"cunt":0.0093906973,"dullard":0.0071487067,"harpy":0.0061049604,"queer":0.0051859655,"shithouse":0.00493595,"biggot":0.0044662723,"blabbermouth":0.0042028868,"dbag":0.0041410206,"harlot":0.0036195416,"jig":0.0036003432,"mcrib":0.0036001348,"protestant":0.0035723554,"jihadist":0.0031577138,"krab":0.0031321085,"d-bag":0.0031073758,"mercenary":0.0030353614,"right-winger":0.0029660759,"fag":0.0029485724,"meatball":0.0028964123,"gargoyle":0.0028178659,"muggle":0.0028116358,"statist":0.0028052042,"latinx":0.0027681569,"warhawk":0.0027503929,"jewess":0.0026637574,"non-jew":0.0026197631,"dissected":0.0026012372,"turnabout":0.0025712388,"sodomite":0.0025608791,"islamist":0.0025589163,"pancake":0.0025557733,"#terrorist":0.0025404608,"memento":0.0024850651,"munoz":0.0024256457,"mcclellan":0.0024244412,"gentile":0.0024211916,"lefty":0.0024091992,"short-sighted":0.0023989495,"cannibal":0.0023913189,"multi-millionaire":0.0023731241,"gator":0.0023524976,"gothic":0.0023516328,"saboteur":0.0023299625,"gujarat":0.0023166375,"lowlife":0.0023160864,"negress":0.0022932023,"mack":0.0022751354,"leblanc":0.0022724847,"pillock":0.0022599321,"eunuch":0.0022435772,"pothead":0.0022384461,"dolphin":0.0022052398,"sandra":0.0022045522,"punctured":0.0022026362,"tomboy":0.0021775813,"shithead":0.0021699256,"tortoise":0.002159769,"sleazebag":0.0021246257,"moslem":0.0021198995,"redpill":0.0021186361,"lioness":0.0021180685,"behemoth":0.0021173086,"hotdog":0.0021098766,"timestamp":0.0021096766,"headassery":0.0021046057,"negroid":0.0020816583,"shortfall":0.0020798226,"paki":0.0020484931,"denise":0.0020411072,"quarantine":0.0020307501,"restructure":0.0020292543,"know-it-all":0.0020276242,"parm":0.0020021796,"pesto":0.002001504,"contraception":0.0020007333,"leah":0.001999133,"annie":0.001997997,"jihadi":0.0019841378,"julia":0.0019839078,"lisa":0.0019741866,"punjabi":0.0019676092,"upsurge":0.0019640314,"tamil":0.0019638721,"deer":0.0019613641,"malmo":0.0019598304,"spider":0.0019597968,"sharpened":0.001957976,"dented":0.0019573339,"tasmania":0.0019560874,"slav":0.0019539835,"shitlib":0.0019530377,"demigod":0.0019356081,"alan":0.0019249977,"erin":0.0019222727,"natalie":0.0019211236,"m&m":0.0019143175,"plunder":0.0019128999,"roofing":0.0018946669,"know-nothing":0.0018946212,"linguist":0.001892548,"tina":0.0018913506,"low-income":0.001889486,"deflate":0.0018890517,"chipmunk":0.0018888455,"poultry":0.0018886422,"potatoe":0.0018868904,"weaponize":0.0018867946,"forestry":0.0018858615,"corporatist":0.0018851569,"pinko":0.0018850807,"wench":0.0018503239,"#jew":0.0018378081,"sociologist":0.0018350348,"cockroach":0.0018339682,"neo-con":0.0018228804,"segregationist":0.0018151636,"#islamic":0.0018050601,"narcotics":0.0018030147,"#terror":0.0018029256,"rustle":0.0018027499,"cauliflower":0.0018015623,"goa":0.001801457,"swindle":0.0018008621,"self-absorbed":0.0018003992,"yoghurt":0.0018000123,"amanda":0.0017990854,"yeti":0.0017990835,"extremist":0.0017914537,"handmaid's":0.0017846867,"mccollum":0.001780726,"lanier":0.0017800593,"leftard":0.0017761887,"luvvie":0.0017760479,"multimillionaire":0.0017736411,"grown-up":0.0017713605,"chunky":0.0017618157,"lustful":0.0017589334,"sultry":0.0017585044,"shitbag":0.0017531084,"bahrain":0.0017519045,"blowhard":0.0017494507,"maharashtra":0.0017493751,"karnataka":0.001748185,"chinaman":0.0017431233,"frenchman":0.0017415614,"lazar":0.001737843,"fuckboi":0.001727591,"nonwhite":0.0016988603,"popsicle":0.0016940449,"non-white":0.0016939646,"croissant":0.0016891311,"sikh":0.001689008,"canine":0.0016831443,"bottleneck":0.0016828636,"slowdown":0.0016827241,"barbarian":0.0016827125,"resurgence":0.0016825876,"haji":0.0016744787,"skinhead":0.0016731554,"#marxist":0.0016681841,"deterioration":0.00165289,"ethiopian":0.0016498326,"disinterest":0.0016493334,"#spanish":0.0016484614,"polynesian":0.0016484208,"nicole":0.0016481687,"pigeon":0.001647191,"pillage":0.0016412458,"vanessa":0.0016406983,"grapefruit":0.0016371214,"teriyaki":0.0016353929,"cautionary":0.0016278725,"beggar":0.0016133477,"gremlin":0.0016131295,"werewolf":0.001612593,"pradesh":0.0016088504,"self-centered":0.0016062261,"dredge":0.001605258,"measles":0.0016047947,"cello":0.0016047837,"asparagus":0.0016043033,"re-sign":0.0016037986,"usury":0.0016037762,"mozzarella":0.001603223,"placenta":0.001603152,"sangria":0.0016030651,"pretentious":0.0016021135,"gameboy":0.001600026,"misquote":0.0015994537,"sabha":0.0015972775,"trumpette":0.0015872066,"bergeron":0.001585438,"survivor's":0.0015853297,"middleton's":0.0015839443,"tranny":0.0015661727,"perfectionist":0.0015430609,"son-of-a-bitch":0.0015428843,"hellscape":0.001528972,"spike":0.0015282266,"ghetto":0.0015280844,"bulky":0.0015279215,"josh":0.0015276542,"apostate":0.0015272753,"zagreb":0.0015269473,"clinton-dix":0.001526889,"moldy":0.0015268071,"morgue":0.0015268011,"uptick":0.0015266418,"bagus":0.0015266196,"gulag":0.0015266038,"jo\u0161":0.0015265999,"enclave":0.0015265207,"b\u00f6yle":0.001526441,"workthemiddle":0.001526431,"julie":0.0015264066,"guinea":0.0015263296,"kevin":0.001526249,"dlm":0.0015261857,"czechoslovakia":0.0015261254,"ape":0.0015260286,"brainy":0.0015259531,"appalachia":0.0015258853,"cesspit":0.0015258749,"slaughterhouse":0.0015258731,"uzbekistan":0.0015258232,"canaan":0.0015257985,"tommy":0.001525781,"verder":0.0015257242,"qq":0.0015257153,"uncaring":0.0015257057,"zag":0.0015256229,"sicily":0.001525603,"qm":0.0015255808,"lata":0.0015255351,"subculture":0.0015254788,"beefy":0.0015254375,"kaka":0.001525416,"irma":0.001525355,"skimpy":0.0015253346,"kaos":0.0015252843,"#xtacy":0.0015252745,"bushy":0.0015252692,"kurd":0.0015252646,"hz":0.0015252598,"xiao":0.0015252346,"mavis":0.0015251434,"matt":0.0015251206,"armo":0.0015250775,"boardroom":0.0015250662,"small-minded":0.0015250609,"monkey":0.0015249734,"phil":0.0015249518,"redneck":0.001524911,"\u3042\u3059\u95a2\u6771\u5927\u96ea\u6ce8\u610f":0.0015248918,"kahlo":0.0015248705,"carl":0.001524825,"ho":0.0015248039,"effeminate":0.0015247693,"b\u00fcy\u00fck":0.0015246662,"yeon":0.0015245435,"flabby":0.0015245429,"flaccid":0.0015244636,"jerry":0.0015243848,"skinny":0.0015242841,"warzone":0.0015242617,"metropolis":0.0015241065,"microcosm":0.001523887,"jamestown":0.0015237787,"ragon":0.0015232469,"escalation":0.0015190782,"adventurer":0.0015159548,"banshee":0.0015157025,"gazelle":0.0015153486,"widower":0.0015153092,"weeb":0.0015142549,"canceling":0.0014993306,"cir":0.0014979915,"mardi":0.0014974157,"frisbee":0.0014965062,"him\ud83d\ude02":0.0014965041,"disadvantaged":0.0014961318,"srilanka":0.0014959752,"gooey":0.0014957401,"snp":0.0014956659,"disaffected":0.001495407,"gostosa":0.0014952855,"nudist":0.0014949122,"rewatched":0.0014943868,"ipcc":0.0014941417,"horney":0.0014941096,"scotty":0.001494055,"overthink":0.0014939702,"aced":0.0014939567,"no-bake":0.0014938973,"lanyard":0.0014938493,"noona":0.0014935626,"gonzo":0.0014935438,"custard":0.0014933228,"girlz":0.0014932987,"cram":0.0014932785,"hmong":0.0014931799,"amature":0.0014930092,"terrell":0.0014927991,"mariana":0.001492603,"sub-human":0.0014926014,"#socialsecurity":0.0014925475,"graze":0.0014925235,"explosives":0.0014925187,"purist":0.0014924653,"aaaaaa":0.0014923676,"romphim":0.0014923638,"psychopathic":0.0014923232,"bihhh":0.0014921676,"j-hope":0.0014920954,"non-europeans":0.0014920589,"debase":0.0014920575,"joystick":0.0014920264,"armando":0.0014920133,"cece":0.0014918294,"scribble":0.0014918177,"smoky":0.0014917873,"rouse":0.0014917751,"inhibit":0.0014916961,"flamingo":0.0014916229,"patrick":0.0014915808,"charcoal":0.0014915512,"scouser":0.0014915323,"matcha":0.0014915231,"amatuer":0.0014914879,"prompto":0.001491456,"dingbat":0.001491399,"wealthiest":0.0014913809,"mookie":0.0014913752,"shelved":0.001491375,"winslow":0.0014913568,"ceramic":0.0014913158,"sloth":0.0014913044,"peruse":0.0014912794,"adam":0.0014912793,"coltrane":0.0014912729,"nass":0.0014912728,"dezenove":0.0014912687,"catherine":0.0014912592,"timber":0.0014912448,