{"coward":0.0084125936,"shitlib":0.0074779568,"cunt":0.0073447567,"punk":0.007029447,"sodomite":0.0068998006,"pig":0.006376539,"hypocrite":0.0062666512,"loser":0.0061443338,"prick":0.005635503,"moron":0.005604385,"pedo":0.0053120445,"normie":0.0051738,"madman":0.0050794724,"twat":0.0045548842,"commie":0.0043518028,"lunatic":0.0043224586,"brit":0.00432227,"demon":0.0042785838,"tranny":0.0041400098,"gorilla":0.0041392033,"scumbag":0.0039854845,"snake":0.0039580497,"zombie":0.003894234,"fag":0.0034021933,"slut":0.0033859126,"gangster":0.003357601,"weirdo":0.0033214087,"crook":0.003228103,"hag":0.0031757218,"clown":0.0028516802,"negress":0.0027538452,"paedophile":0.0027274061,"homo":0.0026831829,"retard":0.0026517433,"initiate":0.0025733468,"mutant":0.0025501287,"mulatto":0.0025417346,"rican":0.0025416809,"granny":0.00250046,"rat":0.0024614257,"mongrel":0.0024539091,"dumbass":0.0024416222,"bloke":0.0024326592,"roosh":0.0023489854,"lad":0.0023420324,"skinhead":0.0023127044,"virgin":0.0023122639,"libtard":0.0023019324,"creature":0.0022737883,"carl":0.0022091108,"protestant":0.0021577337,"jimmy":0.0021306062,"sewer":0.0021090322,"dan":0.0021073063,"gentleman":0.0021037394,"lamb":0.0020839898,"breakthrough":0.0020833501,"revoke":0.0020474745,"fairy":0.0020313813,"amy":0.0020274986,"mel":0.0020110181,"aboriginal":0.001995536,"douche":0.0019888258,"kardashian":0.0019878403,"hut":0.0019843508,"hipster":0.0019786376,"barbarian":0.0019739669,"pol":0.0019681369,"prog":0.0019496615,"decadent":0.0019454784,"celebrity":0.0019435375,"witch":0.0019243,"monster":0.0019205992,"flaw":0.001905615,"joel":0.0019043579,"kurt":0.0019037843,"wetback":0.0019037164,"override":0.0018941356,"heterosexual":0.001891648,"unarmed":0.0018910656,"millionaire":0.0018893217,"indigenous":0.0018880403,"fortress":0.001876429,"lib":0.0018733579,"sham":0.0018602728,"culprit":0.0018554866,"josh":0.0018385153,"stat":0.0018350022,"cracker":0.0018341324,"lena":0.0018136473,"kook":0.0017956224,"juan":0.001793606,"formulate":0.0017924129,"bot":0.0017900082,"clever":0.0017867109,"leftist":0.0017818835,"reduction":0.0017813115,"roger":0.0017776368,"adjust":0.0017687561,"psychopath":0.0017680623,"frenchman":0.0017680064,"non-jew":0.0017672441,"appoint":0.0017671645,"hacker":0.0017567424,"tiger":0.0017556192,"scandinavian":0.0017496818,"dave":0.0017462235,"#msm":0.0017430203,"oakland":0.0017409449,"polar":0.0017386183,"cair":0.0017331567,"dox":0.0017320196,"maximize":0.0017315319,"jihadi":0.0017256472,"float":0.0017255071,"cartoonist":0.0017248932,"overthrown":0.0017198907,"strengthened":0.0017192036,"milestone":0.0017154887,"creepy":0.0017144068,"affirm":0.0017116989,"ho":0.0017102783,"crusader":0.0017093091,"savage":0.0017053676,"boomer":0.0017021605,"julia":0.0016942886,"aussie":0.0016777226,"unidentified":0.0016752039,"underage":0.0016739206,"perp":0.0016722087,"fanatic":0.0016555113,"ref":0.0016531971,"convey":0.0016357749,"awaken":0.0016331316,"jeffrey":0.001625959,"steven":0.0016227537,"implication":0.0016186333,"rumor":0.0016185664,"dismantled":0.001618158,"hijack":0.0016169003,"mohammad":0.0016131864,"infidel":0.0016126708,"psycho":0.0016114915,"purple":0.0016046384,"restroom":0.001603134,"equation":0.0016030482,"sellout":0.0015975299,"loophole":0.0015966998,"rename":0.0015892081,"saxon":0.0015839846,"jig":0.0015839643,"aly":0.001581152,"undertaken":0.0015810755,"activated":0.0015809657,"tunnel":0.0015776202,"hampshire":0.0015711366,"lion":0.0015700646,"orleans":0.0015688382,"redneck":0.0015688024,"jersey":0.0015687883,"zealand":0.0015683614,"guinea":0.0015672821,"reince":0.001555139,"carlos":0.0015518481,"minneapolis":0.0015504703,"budapest":0.0015501473,"colin":0.0015500152,"sadiq":0.0015484354,"wonderful":0.0015472258,"op":0.001545955,"gowdy":0.0015408574,"celtic":0.0015304959,"derail":0.001530462,"gill":0.0015293414,"berry":0.0015287512,"jane":0.00152846,"#diversity":0.0015246053,"skrewdriver":0.0015223911,"bowman":0.0015219244,"m\u2019bala":0.0015213558,"silly":0.0015084217,"nasty":0.001508375,"starve":0.001508275,"exercised":0.0015011324,"discarded":0.0015010198,"dyke":0.0015006376,"forge":0.0014997281,"misdemeanor":0.0014956577,"germanic":0.0014925804,"goy":0.0014918862,"epa":0.0014918813,"log":0.0014878969,"molyneux":0.0014857107,"karen":0.0014842667,"asshole":0.0014835307,"rack":0.0014804186,"breast":0.0014803616,"sanction":0.0014799864,"pump":0.0014793119,"reopen":0.0014709005,"norse":0.0014653643,"sweet":0.0014652944,"queer":0.00146454,"disrupted":0.0014637556,"pee":0.0014581343,"hindu":0.0014573106,"hop":0.0014573,"crimean":0.001457079,"larry":0.0014570139,"npd":0.0014570038,"rothschild":0.0014568617,"subhuman":0.0014567298,"hrc":0.0014567137,"laura":0.0014567034,"patterson":0.0014566568,"ellis":0.0014566484,"accelerate":0.0014566411,"disney":0.0014565432,"enhance":0.0014562752,"crude":0.0014561634,"whiny":0.0014561327,"greens":0.0014559697,"moslem":0.0014558715,"#blacklivesmatter":0.0014556999,"pos":0.001453455,"dildo":0.0014505161,"vampire":0.0014504305,"liquid":0.0014503867,"loot":0.0014455357,"evan":0.0014451831,"stability":0.0014437602,"ridicule":0.0014436523,"heretic":0.0014265993,"entrepreneur":0.0014260801,"stern":0.0014203375,"drum":0.0014167642,"sow":0.0014149411,"roth":0.0014147173,"breasts":0.001414655,"gypsy":0.0014002273,"portuguese":0.0013999474,"centrist":0.0013995079,"greg":0.0013955299,"jill":0.0013951079,"demo":0.0013920387,"flier":0.0013881258,"rod":0.0013877662,"puppy":0.0013873637,"accomplishment":0.0013861658,"musical":0.0013785912,"philip":0.0013777023,"#debate":0.0013668541,"propagandist":0.0013648342,"cosmopolitan":0.0013644866,"tyrannical":0.0013643652,"patriarchal":0.0013642265,"sub":0.0013639644,"psychotic":0.001363838,"pundit":0.0013631433,"wench":0.0013605568,"fuhrer":0.0013570022,"participant":0.0013564447,"ordinary":0.0013542327,"mixed-race":0.001353403,"lineup":0.0013529582,"hobby":0.0013526576,"costume":0.001351832,"lunacy":0.0013483703,"denier":0.0013451834,"escalation":0.0013390702,"deployment":0.0013354682,"seizure":0.0013348092,"emigrate":0.0013342112,"relocate":0.0013332673,"nashville":0.0013293802,"munich":0.0013292291,"township":0.001329203,"cuban":0.0013267407,"jihadist":0.0013263427,"legalized":0.0013261553,"butchered":0.0013257257,"rendered":0.0013255939,"harmless":0.0013254792,"disarmed":0.0013253393,"impressive":0.0013248074,"despicable":0.0013247701,"distort":0.0013246595,"disgraceful":0.0013246167,"detect":0.0013245072,"mitch":0.0013242439,"debbie":0.0013241594,"er":0.0013240124,"invoke":0.0013239966,"neil":0.0013239909,"afghan":0.0013233383,"moroccan":0.0013218786,"occult":0.0013218782,"negroid":0.0013217229,"world's":0.0013184015,"talmudic":0.0013179028,"joker":0.001317185,"bird":0.0013093138,"timing":0.0013081796,"zulu":0.00130796,"vietnamese":0.0013077721,"satire":0.0013073118,"designer":0.0013071558,"analogy":0.0013069576,"fiasco":0.0013067569,"format":0.0013065067,"lottery":0.0013055468,"ladder":0.0013053916,"demography":0.0013023979,"misogynist":0.001300953,"vancouver":0.0012995869,"quebec":0.0012995602,"dope":0.0012989698,"yorker":0.001298137,"leon":0.0012970958,"tommy":0.0012962277,"gif":0.0012960797,"mac":0.0012945496,"tequila":0.0012939009,"quell":0.0012933752,"minimize":0.0012932432,"evade":0.0012932297,"lemon":0.0012927724,"jazz":0.0012924201,"rogen":0.0012921499,"anv_pl_def":0.0012915034,"#dingotwitter":0.0012913672,"ugly":0.0012912697,"horrible":0.0012907682,"decent":0.0012901097,"spew":0.0012896807,"donate":0.0012891835,"terrible":0.0012891302,"scary":0.0012887996,"fulfilled":0.0012887801,"utilized":0.0012886718,"demolished":0.0012886291,"retarded":0.0012883488,"swede":0.0012883319,"roam":0.0012881976,"mobilize":0.0012880792,"antisemite":0.0012857038,"wax":0.0012832825,"predictable":0.001283093,"lame":0.0012825013,"terrorized":0.0012823924,"beheaded":0.0012823087,"analyzed":0.0012822444,"goofy":0.0012822061,"massacred":0.0012819893,"nasa":0.0012819125,"trashed":0.0012819073,"#nevertrump":0.0012818666,