{"shitlib":0.0152694194,"moron":0.0140414486,"prick":0.0139240249,"cunt":0.0133534946,"punk":0.0120546314,"normie":0.012003039,"commie":0.011905397,"pig":0.0102086675,"tranny":0.010077199,"coward":0.0098826822,"loser":0.0098048685,"sodomite":0.0096253417,"pedo":0.0092709167,"homo":0.0084307457,"snake":0.0078920384,"madman":0.0074937128,"lunatic":0.0068602792,"dumbass":0.0067833735,"twat":0.0065187869,"crook":0.0060306973,"brit":0.0056898899,"scumbag":0.0055497195,"mulatto":0.0054766632,"hypocrite":0.0054578848,"clown":0.0054431912,"paedophile":0.0052261592,"gangster":0.0051044702,"weirdo":0.0050089965,"demon":0.0048029959,"slut":0.0046728129,"zombie":0.004594539,"granny":0.0045473917,"pol":0.004438781,"retard":0.0043568001,"monster":0.0037796322,"kook":0.0036877979,"fag":0.0036264716,"psychopath":0.0035667667,"initiate":0.003560571,"boomer":0.0035331274,"hipster":0.0034250817,"heterosexual":0.0034205878,"stat":0.0033730973,"mongrel":0.0033689366,"op":0.00334629,"lib":0.0033351396,"prog":0.0033170835,"convey":0.0032716011,"jimmy":0.0032610326,"frenchman":0.0032347647,"fanatic":0.0031770295,"skinhead":0.0031608861,"unarmed":0.0031598265,"indigenous":0.0031585539,"kurt":0.003138458,"carl":0.0031367693,"hampshire":0.0031277955,"jersey":0.0031226668,"jihadi":0.0031032711,"millionaire":0.0030968973,"flaw":0.0030906558,"hut":0.0030868901,"savage":0.0030850479,"sellout":0.0030423071,"douche":0.0030407047,"sham":0.003038483,"log":0.0030359624,"redneck":0.0030353153,"wetback":0.0030304891,"lamb":0.003027758,"orleans":0.0029822122,"undertaken":0.002969446,"clever":0.002969253,"adjust":0.0029107883,"reduction":0.0029087941,"culprit":0.002908674,"pee":0.0029077774,"appoint":0.0029072438,"skrewdriver":0.0029067285,"hop":0.0029053585,"fortress":0.0029051923,"rothschild":0.002905056,"moslem":0.0028933488,"asshole":0.0028548307,"hijack":0.002804085,"crimean":0.0028028408,"roosh":0.0028021578,"germanic":0.0028017513,"decadent":0.0028011305,"amy":0.0026729245,"roth":0.0026726303,"strengthened":0.0026723988,"affirm":0.0026722655,"mel":0.0026721048,"breasts":0.0026716475,"sweet":0.0026716405,"virgin":0.0026496011,"julia":0.0025947047,"gorilla":0.002569243,"gif":0.002568165,"celebrity":0.0025659753,"fairy":0.0025592649,"roger":0.0025477702,"greg":0.0025459464,"witch":0.0025419042,"hacker":0.0025180712,"aboriginal":0.0025173,"unidentified":0.0025114361,"breakthrough":0.0025015792,"milestone":0.0025007176,"participant":0.0024930009,"cracker":0.0024840221,"misogynist":0.0024837998,"perp":0.0024815518,"fuhrer":0.0024812386,"psycho":0.0024804411,"guinea":0.0024670168,"wax":0.0024518936,"escalation":0.0024515018,"lineup":0.0024466743,"emigrate":0.0024465932,"hobby":0.0024458994,"boo":0.0024450911,"non-white":0.0024448742,"gettin":0.0024429656,"awaken":0.0024425957,"deployment":0.0024417379,"leftist":0.0024414,"antisemite":0.0024303109,"bowman":0.0023812196,"predictable":0.0023811563,"activated":0.0023805602,"aly":0.002380398,"lena":0.002380133,"distort":0.0023801042,"jeffrey":0.002380061,"breast":0.0023797914,"lips":0.0023797543,"detect":0.0023797084,"rosa":0.0023796323,"joel":0.0023795793,"chin":0.0023794592,"rendered":0.0023793958,"lame":0.0023793596,"pearson":0.0023789886,"heretic":0.0023734474,"mutant":0.0023478505,"rican":0.002347752,"hag":0.0023456352,"wench":0.0023411538,"patriarch":0.0023270876,"denier":0.0023260553,"designer":0.0023243036,"badass":0.0023241872,"ref":0.0023241738,"zealand":0.002321165,"vancouver":0.0023207298,"aussie":0.0022884712,"barbarian":0.0022880911,"norse":0.0022871068,"warsaw":0.0022812806,"prague":0.0022803483,"male":0.0022792424,"cairo":0.0022790501,"spike":0.0022736614,"zog":0.0022701573,"shithole":0.0022676214,"paki":0.0022675341,"surge":0.0022675194,"mossad":0.0022667368,"tequila":0.0022663027,"colored":0.0022662863,"unaccompanied":0.0022662115,"haji":0.0022658059,"syriza":0.0022657215,"naacp":0.0022653282,"npd":0.0022652156,"anc":0.0022652091,"bird":0.0022650458,"leon":0.0022648526,"anne":0.0022648397,"karen":0.0022647864,"samaras":0.0022643734,"mitch":0.0022643257,"tribal":0.0022643104,"rumor":0.0022643082,"reince":0.0022642631,"implication":0.0022642595,"jig":0.0022642029,"debbie":0.0022641393,"maya":0.0022640385,"#diversity":0.0022640369,"ho":0.0022639981,"sadiq":0.0022639655,"sewer":0.0022637829,"demo":0.0022637394,"low-income":0.0022637158,"hellhole":0.0022636619,"bloke":0.0022635952,"lemon":0.0022635155,"#vault7":0.002263501,"female":0.002263495,"gentile":0.0022634726,"saxon":0.0022629506,"jazz":0.0022626453,"nsa":0.0022624496,"ghetto":0.0022624147,"blonde":0.0022621691,"disney":0.0022621524,"registry":0.0022621086,"negro":0.002261569,"timing":0.0022612854,"19-year-old":0.0022610631,"massacre":0.0022577726,"weasel":0.0022164967,"misery":0.0022158432,"slander":0.0022155712,"evan":0.0022151599,"legs":0.002214971,"ugly":0.0022147776,"miliband":0.0022144617,"#nevertrump":0.0022143916,"ds":0.0022143465,"squeeze":0.0022141586,"devout":0.0022139521,"governmental":0.0022139052,"cruz\u2019s":0.0022139027,"hindu":0.0022137575,"goy":0.0022136986,"#obama":0.0022136904,"pitiful":0.0022135343,"phil":0.0022135341,"mtv":0.0022134608,"maximize":0.0022133974,"walter":0.0022133435,"lebanese":0.0022133375,"overthrown":0.0022131934,"gill":0.0022131854,"reset":0.0022129391,"fulfilled":0.0022129062,"creepy":0.0022128887,"hideous":0.0022127948,"utilized":0.0022126561,"thornton":0.0022126512,"nurture":0.002212566,"colin":0.0022125595,"kirk":0.0022125337,"gibson":0.0022125066,"sexuality":0.0022124709,"berry":0.0022124368,"steven":0.0022123954,"virtual":0.0022123357,"laura":0.0022123318,"ellis":0.0022123177,"demolished":0.0022123109,"disrespect":0.0022121471,"decent":0.002212115,"celtic":0.0022121111,"roam":0.0022120519,"noah":0.0022120281,"quell":0.0022119007,"streep":0.0022118748,"cair":0.0022118743,"altright":0.0022118195,"float":0.002211762,"kenyan":0.0022116931,"would-be":0.0022116759,"slippery":0.0022114752,"revoke":0.0022114452,"honour":0.0022113524,"juan":0.002211344,"stones":0.0022112055,"#hillaryclinton":0.0022110778,"haley":0.0022110173,"wonderful":0.0022109888,"maneuver":0.0022106891,"prostitute":0.0022103907,"espn":0.0022100507,"fame":0.0022096228,"freeze":0.0022093607,"poison":0.002083641,"hrc":0.0020835469,"anglo-saxon":0.0020829627,"pos":0.0020826668,"override":0.0020826193,"awful":0.0020826066,"whore":0.0020825702,"#hillary":0.002082538,"stern":0.0020824895,"larry":0.0020824647,"exercised":0.0020824076,"whiny":0.002082403,"negress":0.0020823747,"garrison":0.0020823646,"spill":0.002082346,"mosley":0.0020823319,"derail":0.0020823127,"patterson":0.0020823109,"privacy":0.0020823074,"phones":0.0020822962,"#msm":0.0020822898,"forge":0.0020822852,"nasty":0.0020822421,"albanian":0.0020822151,"snl":0.0020822145,"neocon":0.0020821927,"rat":0.0020821795,"discarded":0.0020821537,"sore":0.0020821514,"gavin":0.0020820392,"#cuckservative":0.0020819909,"pervert":0.0020818834,"algerian":0.0020818661,"#blacklivesmatter":0.0020817776,"wynne":0.0020817194,"sow":0.0020815196,"nigger":0.0016225436,"retarded":0.0016225436,"tommy":0.0016225436,"snowflake":0.0016225436,"faggot":0.0016225436,"mack":0.0016225436,"cripple":0.0016225436,"lefty":0.0016225436,"anglo":0.0016225436,"skinny":0.0016225436,"pussy":0.0016225436,"queer":0.0016225436,"charlie":0.0016225436,"dyke":0.0016225436,"trash":0.0016225436,"property":0.0016225436,"ann":0.0016225436,"shine":0.0016225436,"kike":0.0016225436,"monkey":0.0016225436,"slit":0.0016225436,"whitey":0.0016225436,"ape":0.0016225436,"skip":0.0016225436}