{
    "trash": 0.001093273,
    "bish": 0.0014029661,
    "demigod": 0.0019355682,
    "shelved": 0.0014913656,
    "shitlib": 0.0019552427,
    "pretentious": 0.0016021035,
    "saxy": 0.0014879984,
    "queer": 0.0051901637,
    "kahlo": 0.0015248609,
    "deterioration": 0.0016528796,
    "julia": 0.0019838953,
    "beefy": 0.001525428,
    "amo": 0.001093273,
    "plunder": 0.0019128878,
    "unregistered": 0.0014880972,
    "disadvantaged": 0.0014961224,
    "kiev": 0.0014861014,
    "chilton": 0.0014910517,
    "rapmon": 0.0014893508,
    "rino": 0.0014886168,
    "re-release": 0.0014906165,
    "subculture": 0.0015254692,
    "#\u0440\u0430\u0434\u0438\u043e\u0430\u0440\u0445\u0438\u0432": 0.0014852992,
    "gujarat": 0.0023166229,
    "cunt": 0.0093862033,
    "sanitation": 0.0014029988,
    "microcosm": 0.0015238774,
    "junction": 0.0014858949,
    "wealthiest": 0.0014913715,
    "middleton's": 0.0015839344,
    "oriental": 0.001093273,
    "yank": 0.001093273,
    "harpy": 0.0061124759,
    "srilanka": 0.0014959658,
    "ragon": 0.0015232374,
    "darren": 0.0014878166,
    "right-winger": 0.0029659595,
    "ceramic": 0.0014913064,
    "b\u00f6yle": 0.0015264314,
    "cookware": 0.0014883316,
    "bisque": 0.0014897945,
    "mcclellan": 0.0024244259,
    "skipping": 0.0014032163,
    "poultry": 0.0018886303,
    "bottleneck": 0.001682853,
    "overthink": 0.0014939609,
    "jellyfish": 0.0014032549,
    "aaaaa": 0.0014024522,
    "blowhard": 0.0017494397,
    "shine": 0.001093273,
    "meteor": 0.0014028729,
    "middle-class": 0.0014023183,
    "skip": 0.001093273,
    "pkk": 0.0014904569,
    "ooze": 0.0014031679,
    "measles": 0.0016047846,
    "kurd": 0.001525255,
    "charcoal": 0.0014915419,
    "sociologist": 0.0018346793,
    "retarded": 0.001093273,
    "mongrel": 0.0014035411,
    "flog": 0.0014030433,
    "lanyard": 0.00149384,
    "mozzarella": 0.0016032129,
    "yankee": 0.001093273,
    "pesto": 0.0020014914,
    "bitchhh": 0.0014898541,
    "snell": 0.0014905052,
    "monkey": 0.0015266422,
    "sherpa": 0.0014900792,
    "leftie": 0.0014887844,
    "firecracker": 0.0014901502,
    "seungcheol": 0.0014906336,
    "sodomite": 0.0025515472,
    "malmo": 0.001959818,
    "wasp": 0.001093273,
    "lanier": 0.0017800482,
    "upsurge": 0.001964019,
    "taffy": 0.001093273,
    "morgue": 0.0015267915,
    "breath\/aqua": 0.0014022629,
    "fuckboi": 0.0017272081,
    "cockroach": 0.0018346044,
    "flaccid": 0.001524454,
    "asparagus": 0.0016042932,
    "muddle": 0.0014030014,
    "sabha": 0.0015972675,
    "sandra": 0.0022045383,
    "jeon": 0.0014031225,
    "garnish": 0.001490957,
    "jerry": 0.0015243753,
    "bbz": 0.0014898062,
    "geometric": 0.0014901824,
    "pud": 0.0014903099,
    "creamy": 0.0014879401,
    "bihhh": 0.0014921583,
    "choco": 0.0014025272,
    "anoint": 0.0014895931,
    "tomboy": 0.0021771829,
    "affluent": 0.0014910546,
    "jihadist": 0.003157694,
    "scouser": 0.001491523,
    "julie": 0.001526397,
    "tina": 0.0018913388,
    "wingnut": 0.00140279,
    "perfectionist": 0.0015430386,
    "linguist": 0.0018924357,
    "vindicate": 0.0014907847,
    "shea": 0.0014887531,
    "vanessa": 0.001640688,
    "boardroom": 0.0015250567,
    "sultry": 0.0017584933,
    "me\ud83d\ude44": 0.0014888156,
    "jewess": 0.0026625049,
    "pillage": 0.0016412355,
    "skipped": 0.0014053349,
    "rebuffed": 0.0014904304,
    "noob": 0.0014906333,
    "woodrow": 0.0014899946,
    "grapefruit": 0.0016371111,
    "rustle": 0.0018027386,
    "kevin": 0.0015262394,
    "cece": 0.0014918201,
    "adventurer": 0.0015159453,
    "ho": 0.0015247944,
    "impulsive": 0.0014903421,
    "ipcc": 0.0014941324,
    "flamingo": 0.0014916136,
    "#terrorist": 0.0025404448,
    "pattaya": 0.001402926,
    "sleazebag": 0.0021242399,
    "dill": 0.0014031913,
    "merkin": 0.001093273,
    "livestock": 0.0014028189,
    "#xtacy": 0.0015252649,
    "#chunky": 0.0014894206,
    "sikh": 0.0016889974,
    "lazar": 0.0017378321,
    "leb": 0.001093273,
    "adam": 0.0014912699,
    "overpower": 0.0014901238,
    "erin": 0.0019222606,
    "twinkie": 0.001093273,
    "hott": 0.0014027538,
    "teriyaki": 0.0016353826,
    "girlz": 0.0014932894,
    "ghetto": 0.0015280749,
    "pubescent": 0.0014901884,
    "b\u00fcy\u00fck": 0.0015246567,
    "brenda": 0.0014027831,
    "wanda": 0.0014037014,
    "denise": 0.0020410944,
    "keychain": 0.00140324,
    "winslow": 0.0014913474,
    "verder": 0.0015257146,
    "swindle": 0.0018008508,
    "gujarati": 0.0014900037,
    "saboteur": 0.0023299202,
    "bushs": 0.0014883378,
    "multi-millionaire": 0.0023731365,
    "sloth": 0.001491295,
    "xiao": 0.0015252251,
    "firearms": 0.0014036019,
    "custard": 0.0014933134,
    "prompto": 0.0014914466,
    "peruse": 0.0014912701,
    "maize": 0.0014904402,
    "dingbat": 0.0014913896,
    "hmong": 0.0014931705,
    "working-class": 0.001490053,
    "twat": 0.0125041389,
    "grown-up": 0.0017713493,
    "terrell": 0.0014927898,
    "jig": 0.0036003209,
    "rewatched": 0.0014943774,
    "small-minded": 0.0015250513,
    "yeti": 0.0017990723,
    "#socialsecurity": 0.0014925381,
    "shithead": 0.0021699119,
    "snowflake": 0.001093273,
    "cajun": 0.0014885077,
    "dredge": 0.0016052479,
    "pillock": 0.0022595731,
    "roofing": 0.001894655,
    "clicker": 0.0014029885,
    "maharashtra": 0.001749364,
    "burrow": 0.0014882708,
    "dissected": 0.0026012207,
    "survivor's": 0.0015853198,
    "ill-informed": 0.0014030765,
    "lez": 0.0014025103,
    "polarize": 0.0014910135,
    "slaughterhouse": 0.0015258635,
    "redneck": 0.0015249015,
    "armo": 0.0015250679,
    "sub-human": 0.001492592,
    "spike": 0.001528217,
    "bergeron": 0.001585428,
    "shauna": 0.0014907881,
    "reliving": 0.0014855617,
    "skittle": 0.0014028924,
    "bengali": 0.001093273,
    "\u3042\u3059\u95a2\u6771\u5927\u96ea\u6ce8\u610f": 0.0015248823,
    "flabby": 0.0015245333,
    "turnabout": 0.0025712229,
    "canceling": 0.0014993212,
    "patty": 0.0014032545,
    "enclave": 0.0015265111,
    "cripple": 0.001093273,
    "laker": 0.0014031348,
    "ethiopian": 0.0016498222,
    "patrick": 0.0014915714,
    "catherine": 0.0014912499,
    "deflate": 0.0018890398,
    "alison": 0.0014909191,
    "cracker": 0.001402849,
    "moslem": 0.0021198862,
    "parm": 0.002002167,
    "beggar": 0.0016135214,
    "bagus": 0.00152661,
    "sharpened": 0.0019579636,
    "wench": 0.0018499612,
    "carl": 0.0015248155,
    "procrastinate": 0.001400702,
    "cir": 0.0014979821,
    "escalation": 0.0015190686,
    "phil": 0.0015249422,
    "tortoise": 0.0021597554,
    "nonwhite": 0.0016988496,
    "angie": 0.001093273,
    "leblanc": 0.0022724703,
    "self-absorbed": 0.0018003879,
    "annie": 0.0019979844,
    "bushy": 0.0015252597,
    "trumpette": 0.0015871518,
    "non-christians": 0.0014909264,
    "j-hope": 0.0014920861,
    "gostosa": 0.0014952761,
    "#jew": 0.0018377515,
    "aced": 0.0014939474,
    "lurk": 0.0014874023,
    "sza": 0.0014902989,
    "self-centered": 0.001606216,
    "crawfish": 0.001489044,
    "croissant": 0.0016891205,
    "#islamic": 0.0018050488,
    "resurgence": 0.001682577,
    "mack": 0.0022751211,
    "shithouse": 0.0049321657,
    "fwh": 0.0014892751,
    "crouch": 0.0014033767,
    "washable": 0.0014905284,
    "potatoe": 0.0018868785,
    "horney": 0.0014941003,
    "dyke": 0.001093273,
    "wolverine": 0.0014909538,
    "anglos": 0.0014897422,
    "irani": 0.001403067,
    "hyung": 0.0014030326,
    "timber": 0.0014912354,
    "raspberry": 0.0014048845,
    "lisa": 0.0019741741,
    "know-nothing": 0.0018938534,
    "hannah": 0.001403803,
    "lata": 0.0015255255,
    "frisbee": 0.0014964968,
    "beth": 0.0014027394,
    "usury": 0.0016037661,
    "lnp": 0.0014033055,
    "deer": 0.0019613518,
    "uzbekistan": 0.0015258137,
    "asain": 0.0014883603,
    "nudist": 0.0014949028,
    "gator": 0.0023524827,