{"coward":0.0084122159,"shitlib":0.0074778942,"cunt":0.0073430778,"punk":0.0070293746,"sodomite":0.0068997685,"pig":0.0063779346,"hypocrite":0.0062619938,"loser":0.0061450662,"prick":0.0056374105,"moron":0.0056104643,"pedo":0.0053120149,"normie":0.0051737736,"madman":0.0050795887,"twat":0.0045554757,"commie":0.0043515885,"lunatic":0.0043223839,"brit":0.004322275,"demon":0.0042785469,"tranny":0.0041397676,"gorilla":0.0041392377,"scumbag":0.0039857878,"snake":0.0039582576,"zombie":0.0038942476,"fag":0.00340133,"slut":0.0033860128,"gangster":0.0033576139,"weirdo":0.0033207021,"crook":0.0032279673,"hag":0.0031758332,"clown":0.0028517471,"negress":0.0027538384,"paedophile":0.0027273989,"homo":0.0026831042,"retard":0.0026521318,"initiate":0.0025733434,"mutant":0.0025501217,"mulatto":0.0025417281,"rican":0.002541677,"granny":0.0025004797,"rat":0.0024616593,"mongrel":0.002453906,"dumbass":0.0024420043,"bloke":0.0024325387,"roosh":0.0023489822,"lad":0.0023420508,"skinhead":0.0023127013,"virgin":0.0023120751,"libtard":0.0023019208,"creature":0.0022738398,"carl":0.0022091079,"protestant":0.0021577278,"jimmy":0.0021306033,"sewer":0.0021090294,"dan":0.0021073035,"gentleman":0.0021037486,"lamb":0.002083987,"breakthrough":0.0020833473,"revoke":0.0020474718,"fairy":0.002031378,"amy":0.0020274959,"mel":0.0020110154,"aboriginal":0.0019955334,"douche":0.0019886721,"kardashian":0.0019878377,"hut":0.0019843481,"hipster":0.001978635,"barbarian":0.0019739642,"pol":0.0019681355,"prog":0.0019496589,"decadent":0.0019454757,"celebrity":0.0019435761,"witch":0.0019243168,"monster":0.001920649,"flaw":0.0019056124,"joel":0.0019043554,"kurt":0.0019037818,"wetback":0.0019037138,"override":0.0018941331,"heterosexual":0.0018916454,"unarmed":0.0018910631,"millionaire":0.0018893187,"indigenous":0.0018880378,"fortress":0.0018764265,"lib":0.0018733626,"sham":0.0018602384,"culprit":0.0018554841,"josh":0.0018385128,"stat":0.0018349997,"cracker":0.0018341299,"lena":0.0018136448,"kook":0.0017956199,"juan":0.0017936036,"formulate":0.0017924105,"bot":0.0017900058,"clever":0.0017867085,"leftist":0.001781881,"reduction":0.001781309,"roger":0.0017776344,"adjust":0.0017687537,"psychopath":0.0017680481,"frenchman":0.0017680059,"non-jew":0.0017672436,"appoint":0.0017671621,"hacker":0.0017567471,"tiger":0.0017556168,"scandinavian":0.0017496794,"dave":0.0017462211,"#msm":0.0017430179,"oakland":0.0017409426,"polar":0.0017386159,"cair":0.0017331543,"dox":0.0017320172,"maximize":0.0017315296,"jihadi":0.0017256443,"float":0.0017255047,"cartoonist":0.0017248909,"overthrown":0.0017198883,"strengthened":0.0017192012,"milestone":0.0017154864,"creepy":0.0017144044,"affirm":0.0017116965,"ho":0.0017102759,"crusader":0.0017093068,"savage":0.0017053652,"boomer":0.0017021582,"julia":0.0016942864,"aussie":0.0016777203,"unidentified":0.0016752016,"underage":0.0016739183,"perp":0.0016722064,"fanatic":0.001655509,"ref":0.0016531949,"convey":0.0016357727,"awaken":0.0016331294,"jeffrey":0.0016259568,"steven":0.0016227515,"implication":0.0016186311,"rumor":0.0016185642,"dismantled":0.0016181558,"hijack":0.0016168981,"mohammad":0.0016131842,"infidel":0.0016126685,"psycho":0.0016114893,"purple":0.0016046362,"restroom":0.0016031318,"equation":0.001603046,"sellout":0.0015974079,"loophole":0.0015966976,"rename":0.0015892059,"saxon":0.0015839825,"jig":0.0015839621,"aly":0.0015811498,"undertaken":0.0015810733,"activated":0.0015809635,"tunnel":0.001577618,"hampshire":0.0015711345,"lion":0.0015700637,"orleans":0.001568836,"redneck":0.0015688002,"jersey":0.0015687862,"zealand":0.0015683593,"guinea":0.0015672799,"reince":0.0015551369,"carlos":0.001551846,"minneapolis":0.0015504682,"budapest":0.0015501451,"colin":0.0015500131,"sadiq":0.0015484332,"wonderful":0.0015472236,"op":0.0015459531,"gowdy":0.0015408552,"celtic":0.0015304937,"derail":0.0015304599,"gill":0.0015293393,"berry":0.001528749,"jane":0.0015284579,"#diversity":0.0015246032,"skrewdriver":0.001522389,"bowman":0.0015219223,"m\u2019bala":0.0015213536,"silly":0.0015084196,"nasty":0.0015083729,"starve":0.0015082729,"exercised":0.0015011303,"discarded":0.0015010177,"dyke":0.001500635,"forge":0.001499726,"misdemeanor":0.0014956551,"germanic":0.0014925783,"epa":0.0014918792,"goy":0.0014916128,"log":0.0014878948,"molyneux":0.0014857086,"karen":0.0014842646,"asshole":0.0014835936,"rack":0.0014804165,"breast":0.0014803595,"sanction":0.0014799844,"pump":0.0014793098,"reopen":0.0014708984,"norse":0.0014653622,"sweet":0.0014652923,"queer":0.0014645375,"disrupted":0.0014637535,"pee":0.0014581322,"hindu":0.0014573085,"hop":0.001457298,"crimean":0.0014570769,"larry":0.0014570119,"npd":0.0014570018,"rothschild":0.0014568597,"subhuman":0.0014567277,"hrc":0.0014567116,"laura":0.0014567013,"patterson":0.0014566547,"ellis":0.0014566464,"accelerate":0.001456639,"disney":0.0014565412,"enhance":0.0014562731,"crude":0.0014561614,"whiny":0.0014561306,"greens":0.0014559676,"moslem":0.0014558695,"#blacklivesmatter":0.0014556978,"pos":0.0014518622,"dildo":0.0014505141,"vampire":0.0014504285,"liquid":0.0014503847,"loot":0.0014455336,"evan":0.001445181,"stability":0.0014437581,"ridicule":0.0014436502,"heretic":0.0014265659,"entrepreneur":0.0014260781,"stern":0.0014203355,"drum":0.0014167621,"sow":0.001414939,"roth":0.0014147153,"breasts":0.0014146529,"gypsy":0.0014002248,"portuguese":0.001399945,"centrist":0.0013995055,"greg":0.001395528,"jill":0.001395106,"demo":0.0013920368,"flier":0.0013881239,"rod":0.0013877643,"puppy":0.0013873618,"accomplishment":0.0013861639,"musical":0.0013785892,"philip":0.0013777003,"#debate":0.0013668524,"propagandist":0.0013648393,"cosmopolitan":0.0013644847,"tyrannical":0.0013643633,"patriarchal":0.0013642246,"sub":0.0013639625,"psychotic":0.0013638361,"pundit":0.0013631484,"wench":0.0013605581,"fuhrer":0.0013570003,"participant":0.0013564428,"ordinary":0.0013542308,"mixed-race":0.0013534011,"lineup":0.0013529563,"hobby":0.0013526557,"costume":0.0013518301,"lunacy":0.0013483684,"denier":0.0013451815,"escalation":0.0013390684,"deployment":0.0013354663,"seizure":0.0013348073,"emigrate":0.0013342093,"relocate":0.0013332654,"nashville":0.0013293784,"munich":0.0013292272,"township":0.0013292012,"cuban":0.0013267388,"jihadist":0.0013263407,"legalized":0.0013261534,"butchered":0.0013257238,"rendered":0.001325592,"harmless":0.0013254773,"disarmed":0.0013253374,"impressive":0.0013248055,"despicable":0.0013247683,"distort":0.0013246576,"disgraceful":0.0013246148,"detect":0.0013245053,"mitch":0.001324242,"debbie":0.0013241575,"er":0.0013240106,"invoke":0.0013239947,"neil":0.001323989,"afghan":0.0013233364,"moroccan":0.0013218767,"occult":0.0013218764,"negroid":0.001321721,"world's":0.0013183996,"talmudic":0.0013179009,"joker":0.0013171832,"bird":0.0013093119,"timing":0.0013081778,"zulu":0.0013079582,"vietnamese":0.0013077702,"satire":0.00130731,"designer":0.001307154,"analogy":0.0013069558,"fiasco":0.001306755,"format":0.0013065049,"lottery":0.0013055449,"ladder":0.0013053898,"demography":0.001302396,"misogynist":0.0013009511,"vancouver":0.001299585,"quebec":0.0012995583,"dope":0.001298968,"yorker":0.0012981352,"leon":0.0012970939,"tommy":0.0012962258,"gif":0.0012960779,"mac":0.0012945478,"tequila":0.001293899,"quell":0.0012933733,"minimize":0.0012932413,"evade":0.0012932279,"lemon":0.0012927705,"jazz":0.0012924182,"rogen":0.001292148,"anv_pl_def":0.0012915016,"#dingotwitter":0.0012913654,"ugly":0.0012912679,"horrible":0.0012907664,"decent":0.0012901079,"spew":0.0012896789,"donate":0.0012891817,"terrible":0.0012891283,"scary":0.0012887977,"fulfilled":0.0012887783,"utilized":0.00128867,"demolished":0.0012886272,"retarded":0.0012883469,"swede":0.00128833,"roam":0.0012881957,"mobilize":0.0012880773,"antisemite":0.0012857126,"wax":0.0012832806,"predictable":0.0012830911,"lame":0.0012824994,"terrorized":0.0012823905,"beheaded":0.0012823068,"analyzed":0.0012822426,"goofy":0.0012822043,"massacred":0.0012819875,"nasa":0.0012819107,"trashed":0.0012819054,"#nevertrump":0.0012818647,