{
    "trash": 0.0016225431,
    "hindu": 0.0022137568,
    "rat": 0.0020821789,
    "shitlib": 0.0152696559,
    "affirm": 0.0026722647,
    "sweet": 0.0026716397,
    "cruz\u2019s": 0.002213902,
    "charlie": 0.0016225431,
    "julia": 0.0025947039,
    "virtual": 0.002212335,
    "monster": 0.0037796311,
    "mongrel": 0.0033693928,
    "lame": 0.0023793589,
    "leftist": 0.0024413992,
    "strengthened": 0.002672398,
    "guinea": 0.0024670161,
    "whitey": 0.0016225431,
    "slit": 0.0016225431,
    "ho": 0.0022639974,
    "nurture": 0.0022125653,
    "espn": 0.00221005,
    "cunt": 0.013353492,
    "misogynist": 0.0024831175,
    "fuhrer": 0.0024812378,
    "lefty": 0.0016225431,
    "jazz": 0.0022626446,
    "thornton": 0.0022126505,
    "mack": 0.0016225431,
    "heretic": 0.0023731915,
    "gorilla": 0.0025692422,
    "punk": 0.0120551159,
    "kook": 0.0036875365,
    "amy": 0.0026729237,
    "lamb": 0.003027757,
    "snowflake": 0.0016225431,
    "queer": 0.0016225431,
    "granny": 0.0045473903,
    "whore": 0.0020825696,
    "legs": 0.0022149703,
    "mossad": 0.0022667361,
    "asshole": 0.0028548299,
    "coward": 0.0098826113,
    "cracker": 0.0024831705,
    "spill": 0.0020823454,
    "kurt": 0.003138457,
    "rican": 0.0023477513,
    "neocon": 0.0020821921,
    "patriarch": 0.0023270869,
    "gettin": 0.0024429649,
    "override": 0.0020826187,
    "tommy": 0.0016225431,
    "crook": 0.0060306733,
    "karen": 0.0022647857,
    "utilized": 0.0022126554,
    "hypocrite": 0.0054576635,
    "roger": 0.0025477694,
    "altright": 0.0022118188,
    "zog": 0.0022701566,
    "skinny": 0.0016225431,
    "pearson": 0.0023789878,
    "lebanese": 0.0022133369,
    "19-year-old": 0.0022610625,
    "haley": 0.0022110166,
    "#msm": 0.0020822892,
    "snl": 0.0020822139,
    "hrc": 0.0020835462,
    "slander": 0.0022155705,
    "breakthrough": 0.0025015785,
    "hacker": 0.00251793,
    "anc": 0.0022652084,
    "sexuality": 0.0022124702,
    "rosa": 0.0023796316,
    "cripple": 0.0016225431,
    "fairy": 0.0025592642,
    "albanian": 0.0020822144,
    "hampshire": 0.0031277945,
    "sham": 0.003038227,
    "crimean": 0.0028028399,
    "anglo-saxon": 0.0020829621,
    "anglo": 0.0016225431,
    "cairo": 0.0022790494,
    "breasts": 0.0026716467,
    "sodomite": 0.0096254154,
    "larry": 0.0020824641,
    "activated": 0.0023805594,
    "negro": 0.0022615683,
    "appoint": 0.0029072429,
    "weasel": 0.002216496,
    "fag": 0.0036264083,
    "shine": 0.0016225431,
    "millionaire": 0.003096903,
    "nsa": 0.0022624489,
    "debbie": 0.0022641386,
    "pussy": 0.0016225431,
    "stat": 0.0033735566,
    "paedophile": 0.0052261811,
    "decadent": 0.0028011296,
    "discarded": 0.002082153,
    "non-white": 0.0024448734,
    "laura": 0.0022123311,
    "lips": 0.0023797535,
    "witch": 0.0025419034,
    "pos": 0.0020826662,
    "wetback": 0.0030304882,
    "retard": 0.0043567991,
    "creepy": 0.002212888,
    "berry": 0.0022124361,
    "clown": 0.0054431896,
    "samaras": 0.0022643727,
    "derail": 0.0020823121,
    "kenyan": 0.0022116924,
    "slippery": 0.0022114745,
    "vancouver": 0.0023207291,
    "boomer": 0.0035331263,
    "initiate": 0.0035605699,
    "douche": 0.0030406858,
    "ds": 0.0022143458,
    "norse": 0.0022871061,
    "rothschild": 0.0029050551,
    "disney": 0.0022621517,
    "unarmed": 0.0031598255,
    "nasty": 0.0020822414,
    "detect": 0.0023797077,
    "steven": 0.0022123947,
    "stones": 0.0022112049,
    "unidentified": 0.0025114353,
    "tranny": 0.0100775594,
    "celtic": 0.0022121104,
    "misery": 0.0022158425,
    "wynne": 0.0020817188,
    "jersey": 0.0031226658,
    "warsaw": 0.0022812799,
    "joel": 0.0023795786,
    "psychopath": 0.0035668353,
    "pedo": 0.0092710037,
    "implication": 0.0022642588,
    "boo": 0.0024450903,
    "blonde": 0.0022621685,
    "hideous": 0.0022127941,
    "mel": 0.002672104,
    "prog": 0.0033170825,
    "juan": 0.0022113433,
    "breast": 0.0023797907,
    "convey": 0.0032716001,
    "maneuver": 0.0022106884,
    "moron": 0.0140414459,
    "freeze": 0.00220936,
    "overthrown": 0.0022131927,
    "dyke": 0.0016225431,
    "hag": 0.0023456344,
    "noah": 0.0022120274,
    "bird": 0.0022650451,
    "ape": 0.0016225431,
    "monkey": 0.0016225431,
    "poison": 0.0020836403,
    "chin": 0.0023794585,
    "sewer": 0.0022637822,
    "distort": 0.0023801035,
    "designer": 0.0023248341,
    "ellis": 0.002212317,
    "brit": 0.0056897338,
    "sadiq": 0.0022639648,
    "virgin": 0.0026486996,
    "squeeze": 0.0022141579,
    "kirk": 0.0022125331,
    "roth": 0.0026726294,
    "normie": 0.012003259,
    "bowman": 0.0023812188,
    "pol": 0.0044387797,
    "miliband": 0.002214461,
    "ghetto": 0.002262414,
    "deployment": 0.0024417372,
    "sore": 0.0020821507,
    "nigger": 0.0016225431,
    "flaw": 0.0030906548,
    "prick": 0.0139240221,
    "milestone": 0.0025007168,
    "revoke": 0.0022114446,
    "predictable": 0.0023811556,
    "skrewdriver": 0.0029067276,
    "orleans": 0.0029822113,
    "npd": 0.0022652149,
    "goy": 0.0022136979,
    "prostitute": 0.00221039,
    "hobby": 0.0024458986,
    "#diversity": 0.0022640362,
    "rendered": 0.0023793951,
    "frenchman": 0.00323472,
    "aly": 0.0023803973,
    "timing": 0.0022612847,
    "indigenous": 0.003158553,
    "rumor": 0.0022643075,
    "tribal": 0.0022643097,
    "twat": 0.0065187791,
    "sow": 0.0020815189,
    "mutant": 0.0023478497,
    "#obama": 0.0022136897,
    "fulfilled": 0.0022129056,
    "aussie": 0.0022884705,
    "awaken": 0.0024425949,
    "jig": 0.0022642022,
    "awful": 0.002082606,
    "mtv": 0.0022134601,
    "emigrate": 0.0024465925,
    "streep": 0.0022118741,
    "wench": 0.002341153,
    "pitiful": 0.0022135336,
    "zombie": 0.0045944899,
    "anne": 0.002264839,
    "disrespect": 0.0022121464,
    "negress": 0.002082374,
    "op": 0.003346289,
    "clever": 0.0029692521,
    "weirdo": 0.0050089314,
    "demo": 0.0022637387,
    "gangster": 0.0051044507,
    "pee": 0.0029077765,
    "#hillaryclinton": 0.0022110771,
    "culprit": 0.0029086731,
    "tequila": 0.002266302,
    "antisemite": 0.0024303102,
    "scumbag": 0.0055497179,
    "privacy": 0.0020823068,
    "redneck": 0.00303572,
    "syriza": 0.0022657208,
    "jimmy": 0.0032610316,
    "snake": 0.007892011,
    "ugly": 0.0022147769,
    "participant": 0.0024930002,
    "gif": 0.0025681642,
    "reince": 0.0022642624,
    "denier": 0.0023243016,
    "hijack": 0.0028040841,
    "fame": 0.0022096221,
    "massacre": 0.002257772,
    "#cuckservative": 0.0020819902,
    "psycho": 0.0024823177,
    "faggot": 0.0016225431,
    "adjust": 0.0029107874,
    "hut": 0.0030868891,
    "homo": 0.0084312506,
    "gill": 0.0022131847,
    "barbarian": 0.0022880904,
    "dumbass": 0.006783372,
    "pig": 0.0102086437,
    "commie": 0.0119068265,
    "hop": 0.0029053576,
    "surge": 0.0022675187,
    "walter": 0.0022133428,
    "#nevertrump": 0.002214391,
    "reduction": 0.0029087932,
    "hellhole": 0.0022636612,
    "algerian": 0.0020818654,
    "madman": 0.0074936611,
    "gibson": 0.0022125059,
    "#vault7": 0.0022635004,
    "greg": 0.0025459456,
    "badass": 0.002323994,
    "moslem": 0.0028933479,
    "phones": 0.0020822956,
    "lineup": 0.0024466735,
    "decent": 0.0022121143,
    "loser": 0.0098048666,
    "jihadi": 0.0031032768,
    "carl": 0.0031367683,
    "evan": 0.0022151592,
    "mulatto": 0.0054767246,
    "germanic": 0.0028017505,
    "hipster": 0.0034250806,
    "escalation": 0.0024515011,
    "phil": 0.0022135335,
    "zealand": 0.0023211643,
    "saxon": 0.0022629499,
    "devout": 0.0022139514,
    "ref": 0.002324173,
    "stern": 0.0020824889,
    "registry": 0.0022621079,
    "haji": 0.0022658052,
    "heterosexual": 0.0034205868,
    "forge": 0.0020822845,
    "colored": 0.0022662856,
    "slut": 0.0046728115,
    "naacp": 0.0022653275,
    "colin": 0.0022125588,
    "cair": 0.0022118736,
    "whiny": 0.0020824023,